Category,Product Name,MRP,Selling Price,Discount%,Tag,Rating Count,Brand Name,Rating Count (K/M)
Makeup,garnier skin naturals micellar oilinfused cleansing water f,499,324,35,AD,268953,Garnier,269.0K
Makeup,nykaa matte to last transferproof liquid lipstick,749,487,35,BESTSELLER,2388915,Nykaa,2.4M
Makeup,nykaa cosmetics so creme creamy matte lipstick,329,214,35,BESTSELLER,4027582,Nykaa,4.0M
Makeup,swiss beauty bold matt lip liner pencil longlasting matt,429,69,10,BESTSELLER,263353,Swiss,263.4K
Makeup,swiss beauty real makeup base highlighting primer brighte,1099,386,10,BESTSELLER,109953,Swiss,110.0K
Makeup,kay beauty hydra creme lipstick,749,989,40,AD,5299,Kay,5.3K
Makeup,maybelline new york super stay matte ink liquid lipstick la,849,449,35,BESTSELLER,3871779,Maybelline,3.9M
Makeup,maybelline new york super stay vinyl ink liquid lipstick,799,552,40,BESTSELLER,47579,Maybelline,47.6K
Makeup,kay beauty soft matte pressed powder 120p light,1350,1199,25,BESTSELLER,104,Kay,104
Makeup,maybelline new york instant age rewind eraser concealerconc,799,479,5,BESTSELLER,934024,Maybelline,934.0K
Makeup,kay beauty hydrating foundation,650,1013,35,AD,469661,Kay,469.7K
Makeup,loreal paris infallible 3second setting spray 36hr long l,899,759,7,NEW,947,LOreal,947
Makeup,maybelline new york high impact tattoo pen liner lasts up t,1799,423,10,BESTSELLER,15110,Maybelline,15.1K
Makeup,charlotte tilbury airbrush flawless setting spray,299,3950,10,BESTSELLER,9131,Charlotte,9.1K
Makeup,flicka silk touch 3in1 moisturizer primer sun care der,849,836,35,BESTSELLER,936,Flicka,936
Makeup,daily life forever52 pro artist ultra definition liquid foun,799,1619,40,AD,15626,Daily,15.6K
Makeup,swiss beauty precision thickening long lash mascara waterpr,269,269,0,BESTSELLER,18150,Swiss,18.1K
Makeup,charlotte tilbury matte revolution,3650,3650,0,BESTSELLER,66848,Charlotte,66.8K
Makeup,loreal paris infallible full wear concealer maximum coverag,552,552,0,BESTSELLER,68064,LOreal,68.1K
Makeup,maybelline lash sensational sky high mascara cosmic black,479,479,0,BESTSELLER,72499,Maybelline,72.5K
Baby Care,forest essentials baby body massage oil,1499,1895,8,No Tag,141,Forest,141
Baby Care,cetaphil baby wash & shampoo,600,1379,10,No Tag,1240,Cetaphil,1.2K
Baby Care,aveeno baby soothing relief face &,530,540,3,No Tag,869,Aveeno,869
Baby Care,"sebamed baby shampoo, ph 5.5, camomile,",2850,514,10,No Tag,943,Sebamed,943
Baby Care,isdin fotoprotector fusion water magic pediatrics,676,2565,43,No Tag,1,ISDIN,1
Baby Care,botanical luxuriate tea tree shampoo,575,385,10,No Tag,88,Botanical,88
Baby Care,kama ayurveda organic sweet almond oil,749,675,10,No Tag,2664,Kama,2.7K
Baby Care,palmer’s cocoa butter massage lotion,1112,518,3,No Tag,1261,Palmer’s,1.3K
Baby Care,forest essentials baby head massage oil,317,1495,43,No Tag,94,Forest,94
Baby Care,cetaphil baby advanced protection cream,1758,674,8,No Tag,903,Cetaphil,903
Baby Care,"sebamed baby shampoo, ph 5.5, camomile,",479,1079,17,No Tag,573,Sebamed,573
Baby Care,cetaphil baby mild bar,475,181,29,No Tag,107,Cetaphil,107
Baby Care,isdin fotoprotector mineral baby ped spf,749,2850,8,No Tag,1,ISDIN,1
Baby Care,cetaphil gentle skin cleanser & sun,2020,1617,19,No Tag,283014,Cetaphil,283.0K
Baby Care,nat habit baby body lotion &,630,398,5,No Tag,76,Nat,76
Baby Care,johnson's new baby lotion,335,335,0,No Tag,9349,Johnsons,9.3K
Baby Care,forest essentials dasapushpadi daily moisture lotion,1325,1325,0,No Tag,46,Forest,46
Baby Care,cetaphil baby massage oil shea,689,689,0,No Tag,724,Cetaphil,724
Baby Care,aveeno baby daily moisturizing lotion &,1643,1643,0,No Tag,5336,Aveeno,5.3K
Baby Care,"sebamed baby rash cream, ph 5.5,",599,599,0,No Tag,405,Sebamed,405
Baby Care,orimii mother like no other gift,1985,1787,10,No Tag,6,Orimii,6
Baby Care,mamaearth milky soft face cream,580,199,5,No Tag,7864,Mamaearth,7.9K
Baby Care,max care virgin coconut oil cold,500,551,2,No Tag,1224,Max,1.2K
Baby Care,"sebamed baby cleansing bar, ph 5.5,",1799,490,7,No Tag,491,Sebamed,491
Baby Care,forest essentials dasapushpadi nourishing milk soap,200,595,14,No Tag,43,Forest,43
Baby Care,cetaphil baby soothing moisturising cream,595,1673,10,No Tag,10,Cetaphil,10
Baby Care,himalaya baby cream,1650,172,7,No Tag,13973,Himalaya,14.0K
Baby Care,kama ayurveda extra virgin organic coconut,400,1075,23,No Tag,9685,Kama,9.7K
Baby Care,orimii 3% vitamin c face serum,750,536,10,No Tag,13,Orimii,13
Baby Care,johnson's new milk+ rice cream,520,200,5,No Tag,7994,Johnsons,8.0K
Baby Care,aveeno baby dermexa moisturising cream -,400,1540,14,No Tag,23,Aveeno,23
Baby Care,dove rich moisture hypoallergenic body wash,801,308,18,No Tag,1736,Dove,1.7K
Baby Care,palmer's cocoa tummy butter stretch,525,675,11,No Tag,605,Palmers,605
Baby Care,"sebamed baby lip balm, dry",1248,494,20,No Tag,733,Sebamed,733
Baby Care,himalaya gentle baby shampoo,790,344,3,No Tag,10970,Himalaya,11.0K
Baby Care,venusia baby intensive moisturizing lotion,630,657,5,No Tag,29,Venusia,29
Baby Care,vigini bust firming breast enlargement tightening,467,467,0,No Tag,809,Vigini,809
Baby Care,nat habit pure almond baby oil,998,998,0,No Tag,210,Nat,210
Baby Care,"sebamed baby powder, olive oil",766,766,0,No Tag,722,Sebamed,722
Baby Care,"sebamed baby massage oil, contains soya",599,599,0,No Tag,439,Sebamed,439
Baby Care,"colgate toothpaste kids (6-9 years),",260,228,12,No Tag,411,Colgate,411
Baby Care,baidyanath rogan badam shirin almond oil,220,183,17,No Tag,407,Baidyanath,407
Baby Care,cetaphil baby mild bar,238,200,16,No Tag,2878,Cetaphil,2.9K
Baby Care,johnson's active kids shiny drops shampoo,253,248,2,No Tag,5357,Johnsons,5.4K
Baby Care,palmer's cocoa butter skin therapy oil,1000,900,10,No Tag,106,Palmers,106
Baby Care,aveeno baby daily moisture hydrating facial,999,900,10,No Tag,21,Aveeno,21
Baby Care,"sebamed baby cream extra soft, ph",830,789,5,No Tag,973,Sebamed,973
Baby Care,fixderma shadow kids spf 30+ lotion,525,446,15,No Tag,1050,Fixderma,1.1K
Baby Care,kayanara natural bristle dry body brush,665,399,40,No Tag,6,Kayanara,6
Baby Care,whimsy safe & organic unicorn travel,2500,2000,20,No Tag,8,Whimsy,8
Baby Care,aveeno baby soothing relief face &,1300,1196,8,No Tag,534,Aveeno,534
Baby Care,bronson professional silicone body scrubber bath,325,110,66,No Tag,83,Bronson,83
Baby Care,tuco kids bye dull skin soap,400,320,20,No Tag,16,TuCo,16
Baby Care,fixderma shadow sunscreen spf 50 pa,600,540,10,No Tag,15,Fixderma,15
Baby Care,orimii face moisturizer ceramide,395,356,10,No Tag,28,Orimii,28
Baby Care,dove rich moisture baby lotion,215,166,23,No Tag,950,Dove,950
Baby Care,"colgate toothpaste kids (3-5 years),",260,228,12,No Tag,500,Colgate,500
Baby Care,nat habit pure virgin coconut baby,605,484,20,No Tag,325,Nat,325
Baby Care,himalaya baby lotion,400,336,16,No Tag,8266,Himalaya,8.3K
Baby Care,mamaearth mineral based sunscreen babies,150,150,0,No Tag,12582,Mamaearth,12.6K
Baby Care,forest essentials baby body powder dasapushpadi,220,825,23,No Tag,40,Forest,40
Baby Care,baby dove rich moisture shampoo,399,169,4,No Tag,148,Baby,148
Baby Care,sanfe flix breast roll shaper &,550,383,5,No Tag,774,Sanfe,774
Baby Care,aveeno baby daily moisture lotion |,435,525,17,No Tag,39,Aveeno,39
Baby Care,nat habit brahmi matsyakshi winter dasabuti,330,361,17,No Tag,75,Nat,75
Baby Care,nat habit pure rogan badam almond,549,274,18,No Tag,564,Nat,564
Baby Care,sebamed baby multi protect sun lotion,250,1670,15,No Tag,72,Sebamed,72
Baby Care,sunscoop kids 100% mineral sunscreen lotion,235,450,15,No Tag,150,SunScoop,150
Baby Care,cottsberry organic cotton baby wipes (dry),525,213,10,No Tag,14,Cottsberry,14
Baby Care,nat habit pure coconut oil,550,200,22,No Tag,386,Nat,386
Baby Care,sebamed baby protective facial cream,819,1670,8,No Tag,7295,Sebamed,7.3K
Baby Care,johnson's new no more tears baby,376,474,17,No Tag,9,Johnsons,9
Baby Care,plix kids happy hair gentle shampoo,599,429,5,No Tag,418,Plix,418
Baby Care,cetaphil baby shampoo,649,753,40,No Tag,18,Cetaphil,18
Baby Care,nat habit baby face malai -,2900,312,18,No Tag,140,Nat,140
Baby Care,la shield kids sunscreen spf 50,625,569,40,No Tag,65,La,65
Baby Care,orgatre pregnancy stretch mark roll-on serum,389,389,0,No Tag,6545,Orgatre,6.5K
Baby Care,bio oil skin care oil -,2378,2378,0,No Tag,10,Bio,10
Baby Care,feel good club pink bubble headband,375,375,0,No Tag,9756,Feel,9.8K
Baby Care,kayanara 2--1 exfoliating dry skin body,832,499,40,No Tag,4,Kayanara,4
Baby Care,orimii sleeping face mask overnight,495,446,10,No Tag,29,Orimii,29
Baby Care,perfora smart electric toothbrush 2 brush,899,836,7,No Tag,3513,Perfora,3.5K
Baby Care,bioderma cicabio arnica+ sos quickly repairs,399,1199,10,No Tag,265,Bioderma,265
Baby Care,mamaearth baby rich moisturizing ultra light,249,359,5,No Tag,136,Mamaearth,136
Baby Care,mamaearth daily moisturizing baby lotion,367,237,18,No Tag,11376,Mamaearth,11.4K
Baby Care,chicco baby cream - argan oil,500,199,10,No Tag,559,Chicco,559
Baby Care,venusia baby intensive moisturizing cream,420,301,23,No Tag,56,Venusia,56
Baby Care,"palmer's cocoa butter nursing butter,",1150,450,15,No Tag,66,Palmers,66
Baby Care,johnson's new top to toe baby,499,325,10,No Tag,3674,Johnsons,3.7K
Baby Care,little rituals cold pressed organic sweet,749,978,40,No Tag,27,Little,27
Baby Care,mamaearth milky soft head to toe,750,449,17,No Tag,849,Mamaearth,849
Baby Care,kayanara natural bristle dry brushing body,350,449,16,No Tag,6,Kayanara,6
Baby Care,chicco gentle body wash & shampoo,550,679,18,No Tag,1678,Chicco,1.7K
Baby Care,renee cosmetics disney princess fairytale perfume,699,625,20,No Tag,9,Renee,9
Baby Care,tuco kids bye dull skin soap,294,294,0,No Tag,125,TuCo,125
Baby Care,himalaya baby massage oil,451,451,0,No Tag,5468,Himalaya,5.5K
Baby Care,vlcc shape up slimming oil,559,559,0,No Tag,2478,VLCC,2.5K
Baby Care,tikitoro teens 11-16 year olds,640,640,0,No Tag,15,Tikitoro,15
Baby Care,tuco kids kajal castor oil &,300,198,34,No Tag,23,TuCo,23
Baby Care,pampers premium care diaper - nb,1299,662,49,No Tag,2,Pampers,2
Baby Care,sirona fda approved super soft disposable,449,301,33,No Tag,472,Sirona,472
Baby Care,whimsy beauty safe & organic make,3499,2519,28,No Tag,3,Whimsy,3
Baby Care,moody hello kitty limited edition,1199,839,30,No Tag,13,Moody,13
Baby Care,little rituals post biotic face cream,795,676,15,No Tag,48,Little,48
Baby Care,mamaearth daily moisturizing baby lotion,249,237,5,No Tag,11376,Mamaearth,11.4K
Baby Care,bio oil skin care oil -,1950,1600,18,No Tag,50028,Bio,50.0K
Baby Care,chicco gilby giraffe india rattle,300,275,6,No Tag,58,Chicco,58
Baby Care,johnson's gift medium,495,550,10,No Tag,2669,Johnsons,2.7K
Baby Care,johnson's baby hair oil,375,283,29,No Tag,69,Johnsons,69
Baby Care,orimii soap free gentle cleansing face,400,446,20,No Tag,8296,Orimii,8.3K
Baby Care,johnson's natural baby powder,899,265,5,No Tag,3347,Johnsons,3.3K
Baby Care,johnson's new milk+ rice lotion,266,240,7,No Tag,16,Johnsons,16
Baby Care,tuco kids bye dull skin soap,320,320,0,No Tag,24,TuCo,24
Baby Care,minimalist baby ceramide & squalane nourishing,854,854,0,No Tag,1,Minimalist,1
Baby Care,isdin fotoprotector mineral baby ped spf,2850,2850,0,No Tag,3056,ISDIN,3.1K
Baby Care,mamaearth nourishing hair oil babies,247,247,0,No Tag,16,Mamaearth,16
Baby Care,bioderma intensive baby soap bar -,650,618,5,No Tag,300,Bioderma,300
Baby Care,pampers new baby diapers - 24,399,347,13,No Tag,260,Pampers,260
Baby Care,feel good club exfoliating bath glove,210,132,37,No Tag,47,Feel,47
Baby Care,orimii no retinol anti ageing 1%,695,626,10,No Tag,38,Orimii,38
Baby Care,cetaphil gentle skin cleanser & sun,1772,1630,8,No Tag,265805,Cetaphil,265.8K
Baby Care,parachute advansed baby massage oil,300,246,18,No Tag,183,Parachute,183
Baby Care,milagro beauty belly oil,1490,1043,30,No Tag,33,Milagro,33
Baby Care,palmer's cocoa butter bust cream helps,700,630,10,No Tag,277,Palmers,277
Baby Care,gubb safety pins clothes -,60,51,15,No Tag,4,GUBB,4
Baby Care,cottsberry organic cotton baby wipes (dry),250,213,15,No Tag,14,Cottsberry,14
Baby Care,nat habit 100% pure cold pressed,447,371,17,No Tag,183,Nat,183
Baby Care,lotus herbals safe sun kids sunscreen,430,366,15,No Tag,852,Lotus,852
Baby Care,mamaearth mineral based sunscreen babies,299,281,6,No Tag,12582,Mamaearth,12.6K
Baby Care,himalaya extra moisturizing baby wash india,500,425,15,No Tag,578,Himalaya,578
Baby Care,johnson's baby soap blossoms,80,76,6,No Tag,1437,Johnsons,1.4K
Baby Care,plix kids happy hair gentle shampoo,550,429,22,No Tag,9,Plix,9
Baby Care,johnsons gentle cotton buds 75 n,165,157,5,No Tag,1084,Johnsons,1.1K
Baby Care,"sebamed baby bubble bath, ph 5.5,",500,475,5,No Tag,192,Sebamed,192
Baby Care,little rituals postbiotic face cream,795,676,15,No Tag,48,Little,48
Baby Care,renee cosmetics disney frozen princess snowflake,499,399,20,No Tag,10,Renee,10
Baby Care,mamaearth deeply nourishing body wash,249,237,5,No Tag,5800,Mamaearth,5.8K
Baby Care,little rituals multi-vitamin hair & body,625,531,15,No Tag,53,Little,53
Baby Care,bio oil skin care oil -,1600,1313,18,No Tag,50003,Bio,50.0K
Baby Care,"pampers active baby diapers, new born",1199,1007,16,No Tag,148,Pampers,148
Baby Care,luciara stretchmark prevention cream,600,402,33,No Tag,111,Luciara,111
Baby Care,orimii niacinamide face serum kakadu,595,536,10,No Tag,13,Orimii,13
Baby Care,himalaya gentle baby wipes,280,241,14,No Tag,2947,Himalaya,2.9K
Baby Care,la shield disney moana 2 kids,599,569,5,No Tag,3,La,3
Baby Care,nat habit pure olive oil,412,342,17,No Tag,175,Nat,175
Baby Care,little rituals multi-nutrient foaming face wash,675,574,15,No Tag,25,Little,25
Baby Care,baby forest badami sneh organic cold,1750,1890,25,No Tag,3,BABY,3
Baby Care,renee cosmetics disney frozen princess,150,1315,15,No Tag,459,Renee,459
Baby Care,chicco soft cleansing wet baby wipes,499,99,10,No Tag,2714,Chicco,2.7K
Baby Care,himalaya baby care diaper rash cream,784,128,29,No Tag,999,Himalaya,999
Baby Care,mamaearth milky soft body lotion,1299,449,38,No Tag,1406,Mamaearth,1.4K
Baby Care,sebamed baby lotion -,700,700,0,No Tag,20,Sebamed,20
Baby Care,nat habit balamool sunthi pure baby,557,557,0,No Tag,1762,Nat,1.8K
Baby Care,mamaearth fruit punch toothpaste kids,149,149,0,No Tag,1603,Mamaearth,1.6K
Baby Care,mamaearth coco soft face cream,199,199,0,No Tag,20,Mamaearth,20
Baby Care,"pampers premium care pants diapers, medium",1299,818,37,No Tag,27,Pampers,27
Baby Care,sanfe flix cotton nipple covers,229,211,8,No Tag,612,Sanfe,612
Baby Care,minimalist baby zinc oxide + b5,399,379,5,No Tag,42,Minimalist,42
Baby Care,johnson's baby skincare wipes,170,280,14,No Tag,619,Johnsons,619
Baby Care,mederma stretch marks therapy,375,1045,8,No Tag,427,Mederma,427
Baby Care,himalaya baby hair oil,325,146,58,No Tag,593,Himalaya,593
Baby Care,johnson's blossoms natural baby powder,589,75,17,No Tag,5498,Johnsons,5.5K
Baby Care,mylo care baby diaper pants (xxl),499,1099,12,No Tag,63,Mylo,63
Baby Care,mamaearth super strawberry body wash,349,345,7,No Tag,1053,Mamaearth,1.1K
Baby Care,bronson professional 100 4 size,1295,135,15,No Tag,39,Bronson,39
Baby Care,nat habit extra virgin cold pressed,795,489,15,No Tag,232,Nat,232
Baby Care,mamaearth gentle cleansing shampoo babies,285,439,18,No Tag,9756,Mamaearth,9.8K
Baby Care,orossentials travel friendly wooden hair comb,350,325,16,No Tag,25,OROSSENTIALS,25
Baby Care,little rituals ray shield sunscreen,1360,1101,3,No Tag,23,Little,23
Baby Care,little rituals plant protein hair conditioner,52,676,15,No Tag,280,Little,280
Baby Care,parachute advansed baby shampoo,234,234,0,No Tag,125,Parachute,125
Baby Care,tuco kids bye dull skin soap,294,294,0,No Tag,93,TuCo,93
Baby Care,"sebamed baby powder, olive oil",1319,1319,0,No Tag,1597,Sebamed,1.6K
Baby Care,himalaya happy baby gift 9,1470,1264,14,No Tag,518,Himalaya,518
Baby Care,gubb golden safety pin assorted size,80,64,20,No Tag,2,GUBB,2
Baby Care,whimsy beauty safe & organic glow-up,1499,1154,23,No Tag,1,Whimsy,1
Baby Care,bronson professional white soap box,325,100,69,No Tag,17,Bronson,17
Baby Care,kayanara natural bristle dry brushing body,749,449,40,No Tag,6,Kayanara,6
Baby Care,mamaearth daily moisturizing baby lotion,499,449,10,No Tag,11376,Mamaearth,11.4K
Baby Care,sebamed children's shampoo,329,230,6,No Tag,2612,Sebamed,2.6K
Baby Care,mamaearth milky soft mineral based sunscreen,280,309,16,No Tag,633,Mamaearth,633
Baby Care,himalaya happy baby care gift,325,235,63,No Tag,474,Himalaya,474
Baby Care,bronson professional transparent waterproof portable soap,270,120,17,No Tag,20,Bronson,20
Baby Care,nat habit talc free natural kusha,199,224,25,No Tag,722,Nat,722
Baby Care,"sirona premium disposable maternity breast pads,",225,149,18,No Tag,415,Sirona,415
Baby Care,parachute advansed baby nourishing cream,1250,185,15,No Tag,178,Parachute,178
Baby Care,little rituals multi-vitamin hair & body,500,1063,10,No Tag,53,Little,53
Baby Care,"palmer's cocoa butter nursing butter,",299,450,21,No Tag,66,Palmers,66
Baby Care,sirona pregrx midstream one step urine,1900,236,7,No Tag,279,Sirona,279
Baby Care,cetaphil baby daily lotion,350,1767,14,No Tag,10521,Cetaphil,10.5K
Baby Care,himalaya gentle baby wash,249,301,5,No Tag,154,Himalaya,154
Baby Care,kazarmaa wet wipes tissue can,149,149,0,No Tag,8,Kazarmaa,8
Baby Care,mamaearth baby milky soft head to,237,237,0,No Tag,11,Mamaearth,11
Baby Care,mamaearth brave blueberry body wash,375,345,8,No Tag,703,Mamaearth,703
Baby Care,chicco gentle bodywash & shampoo,679,618,9,No Tag,4,Chicco,4
Baby Care,mamaearth baby powder organic oatmeal,665,199,40,No Tag,5330,Mamaearth,5.3K
Baby Care,kayanara natural bristle dry body brush,575,399,15,No Tag,6,Kayanara,6
Baby Care,little rituals cold pressed organic black,399,489,10,No Tag,2,Little,2
Baby Care,mamaearth baby rich moisturizing cream,285,359,18,No Tag,263,Mamaearth,263
Baby Care,chicco baby moment talcum powder,299,99,50,No Tag,192,Chicco,192
Baby Care,parachute advansed baby lotion,199,234,25,No Tag,140,Parachute,140
Baby Care,forest essentials dasapushpadi daily moisture lotion,779,1325,18,No Tag,46,Forest,46
Baby Care,gorgio professional multipurpose gold safety pins,895,150,15,No Tag,6,Gorgio,6
Baby Care,sirona sanitary disposal bags discreet,2750,149,23,No Tag,277,Sirona,277
Baby Care,baby forest sampoorna snan baby body,155,795,10,No Tag,15,BABY,15
Baby Care,chicco baby moments body lotion,199,639,12,No Tag,2,Chicco,2
Baby Care,little rituals cold pressed organic coconut,999,761,20,No Tag,21,Little,21
Baby Care,chicco baby moments baby perfume,125,499,18,No Tag,1611,Chicco,1.6K
Baby Care,whimsy safe & organic blossom beauty,2118,2118,0,No Tag,558,Whimsy,558
Baby Care,biotique bio aloe vera baby sun,140,140,0,No Tag,6,Biotique,6
Baby Care,"bella cotton pads, 100% cotton, double",175,175,0,No Tag,248,Bella,248
Baby Care,little rituals cold pressed organic coconut,895,761,15,No Tag,2,Little,2
Baby Care,chicco baby moments baby perfume,2750,499,23,No Tag,21,Chicco,21
Baby Care,whimsy safe & organic blossom beauty,155,2118,10,No Tag,1611,Whimsy,1.6K
Baby Care,biotique bio aloe vera baby sun,199,140,12,No Tag,558,Biotique,558
Baby Care,"bella cotton pads, 100% cotton, double",999,175,20,No Tag,6,Bella,6
Baby Care,whimsy beauty safe & organic mini,125,799,18,No Tag,248,Whimsy,248
Baby Care,keya seth aromatherapy soft & smooth,1500,103,10,No Tag,8,Keya,8
Baby Care,baby forest narial tailam organic cold,450,795,27,No Tag,6,BABY,6
Baby Care,johnson's gift extra large,795,1350,15,No Tag,5,Johnsons,5
Baby Care,plix kids bubble splash body wash,229,329,5,No Tag,12968,Plix,13.0K
Baby Care,johnson's baby skincare wipes,368,85,6,No Tag,11,Johnsons,11
Baby Care,tikitoro kids refreshing face wash,499,335,10,No Tag,23,TIKITORO,23
Baby Care,little rituals ray shield sunscreen spf,995,676,15,No Tag,718,Little,718
Baby Care,majestique small hair brush - detangling,399,218,25,No Tag,1393,Majestique,1.4K
Baby Care,johnson's baby soap buy 3 get,650,276,10,No Tag,299,Johnsons,299
Baby Care,chicco baby moments mild bodywash protect,266,449,17,No Tag,4,Chicco,4
Baby Care,little rituals baby bio body butter,846,846,0,No Tag,40,Little,40
Baby Care,whimsy beauty clean vibes foaming face,299,299,0,No Tag,12,Whimsy,12
Baby Care,minimalist baby provitamin d3 massage oil,599,569,5,No Tag,12,Minimalist,12
Baby Care,gritzo supermilk growth+ (formerly height+) (7-12y,399,1599,19,No Tag,27,Gritzo,27
Baby Care,renee cosmetics disney frozen princess popsicle,249,325,5,No Tag,1655,Renee,1.7K
Baby Care,mamaearth moisturizing baby bathing soap bar,625,237,10,No Tag,222,Mamaearth,222
Baby Care,palmer’s cocoa butter massage cream,76,563,14,No Tag,2764,Palmer’S,2.8K
Baby Care,himalaya baby care extra moisturizing baby,995,62,15,No Tag,2,Himalaya,2
Baby Care,little rituals daily barrier boost body,400,846,18,No Tag,4,Little,4
Baby Care,tuco kids lice buster shampoo,650,328,10,No Tag,212,TuCo,212
Baby Care,palmer's cocoa butter skin firming body,275,585,5,No Tag,2,Palmers,2
Baby Care,gritzo supermilk growth+ (formerly height+) (13+y,1850,1699,21,No Tag,12,Gritzo,12
Baby Care,baby forest nikhrae kesh baby shampoo,499,795,20,No Tag,19,BABY,19
Baby Care,soulflower rosemary lavender baby hair oil,325,261,66,No Tag,1,Soulflower,1
Baby Care,whimsy beauty glowing skin essential kit,600,1462,18,No Tag,4,Whimsy,4
Baby Care,renee cosmetics princess renee disney,430,399,30,No Tag,67,Renee,67
Baby Care,chicco toothpaste - mixed fruit flavour,530,179,25,No Tag,7,Chicco,7
Baby Care,beautiliss silicone body scrubber bath brush,110,110,0,No Tag,11,Beautiliss,11
Baby Care,parachute advansed baby massage oil,492,492,0,No Tag,4,Parachute,4
Baby Care,bronson professional face washing microfiber absorbent,300,300,0,No Tag,132,Bronson,132
Wellness,orimii belly treatment elixir - body,695,626,10,No Tag,86,Orimii,86
Wellness,chicnutrix glow - japanese glutathione &,695,1980,10,No Tag,2431,Chicnutrix,2.4K
Wellness,orimii bump hydrating body butter,2447,626,20,No Tag,95,Orimii,95
Wellness,glutone 1000 setria l-glutathione & vitamin,1199,1958,25,No Tag,374,Glutone,374
Wellness,mountainor l glutathione tablets korean,1959,899,6,No Tag,4134,Mountainor,4.1K
Wellness,"vit c body oil brightening,",2199,1350,13,No Tag,57,Vit,57
Wellness,oziva advanced hair growth activesreduces thinning,999,1849,5,No Tag,118,Oziva,118
Wellness,"wellbeing nutrition glow collagen peptides, reduces",3036,1913,28,No Tag,290,Wellbeing,290
Wellness,wellbeing nutrition slow triple strength omega,1050,949,24,No Tag,52,Wellbeing,52
Wellness,healthkart hk vitals glutathione vitamin,4249,2199,15,No Tag,37,HealthKart,37
Wellness,"oziva bioactive gluta fizzy (l-glutathione), reduce",650,799,16,No Tag,162,OZiva,162
Wellness,forest essentials lime saffron & oudh,700,1950,29,No Tag,53,Forest,53
Wellness,forest essentials lime saffron & oudh,2500,1950,16,No Tag,53,Forest,53
Wellness,optimum nutrition (on) gold standard 100%,279,3597,14,No Tag,1834,Optimum,1.8K
Wellness,plix glutathione skin glow 15 effervescent,1450,549,18,No Tag,874,Plix,874
Wellness,wishcare pure cold pressed natural unrefined,497,497,0,No Tag,1502,WishCare,1.5K
Wellness,nutrova pea protein - unflavoured,2100,2100,0,No Tag,107,Nutrova,107
Wellness,miduty liposomal glutathione 40% anti aging,1422,1422,0,No Tag,1452,Miduty,1.5K
Wellness,kapiva virgin coconut oil (cold pressed),240,240,0,No Tag,3257,Kapiva,3.3K
Wellness,vigini bust firming breast enlargement tightening,525,467,11,No Tag,809,Vigini,809
Wellness,miduty liver detox milk thistle,2100,1333,29,No Tag,109,Miduty,109
Wellness,plix apple cider vinegar effervescent tablets,699,1499,20,No Tag,952,Plix,952
Wellness,cos-iq stretch marks removal roll-on serum,849,559,5,No Tag,161,Cos-IQ,161
Wellness,miduty pigment clear glutathione hyaluronic acid,1518,2428,18,No Tag,56,Miduty,56
Wellness,oziva hair vitamins ( dht blocker,1600,809,28,No Tag,2447,Oziva,2.4K
Wellness,be bodywise biotin hair gummies -,1400,549,29,No Tag,9105,Be,9.1K
Wellness,healthkart hk vitals glutathione 15 effervescent,1579,1249,3,No Tag,97,HealthKart,97
Wellness,forest essentials lime saffron & oudh,700,825,19,No Tag,53,Forest,53
Wellness,"oziva acv moringa to control cravings,",1099,1149,5,No Tag,1508,Oziva,1.5K
Wellness,nutrova collagen + antioxidants - cranberry,1799,2575,19,No Tag,94,Nutrova,94
Wellness,plix apple cider vinegar effervescent tablets,909,1000,12,No Tag,518,Plix,518
Wellness,"oziva protein & herbs women( shatavari,",929,1529,11,No Tag,980,OZiva,980
Wellness,plix apple cider vinegar effervescent tablets,445,569,12,No Tag,2391,Plix,2.4K
Wellness,oziva plant based herbalance pcos,1049,1049,0,No Tag,923,OZiva,923
Wellness,forest essentials organic cold pressed virgin,1450,1450,0,No Tag,907,Forest,907
Wellness,trunativ advanced japanese marine type 1,1457,1457,0,No Tag,2,TruNativ,2
Wellness,healthkart hk vitals skin radiance collagen,799,799,0,No Tag,932,HealthKart,932
Wellness,oziva vegan collagen biotin &,826,826,0,No Tag,2269,Oziva,2.3K
Wellness,mcaffeine coffee body polishing oil -,392,392,0,No Tag,16196,MCaffeine,16.2K
Wellness,"wellbeing nutrition melts vital iron, folate,",599,515,14,No Tag,92,Wellbeing,92
Wellness,healthkart hk vitals skin radiance collagen,1398,1169,16,No Tag,163,HealthKart,163
Wellness,healthkart hk vitals glutathione effervescent tablets,759,669,12,No Tag,74,HealthKart,74
Wellness,miduty stop aging trans resveratrol 99%,1199,1600,33,No Tag,32,Miduty,32
Wellness,mountainor deep sea omega 3 fish,499,799,18,No Tag,164,MOUNTAINOR,164
Wellness,kapiva virgin coconut oil (cold pressed),759,409,8,No Tag,2401,Kapiva,2.4K
Wellness,healthkart hk vitals glutathione vitamin,1998,699,45,No Tag,716,HealthKart,716
Wellness,kama ayurveda organic sweet almond oil,575,675,10,No Tag,2664,Kama,2.7K
Wellness,"mountainor glutathione glowing, pigmentation tablets",350,1099,30,No Tag,366,Mountainor,366
Wellness,palmer’s cocoa butter massage lotion,2100,518,38,No Tag,1261,Palmer’s,1.3K
Wellness,nykaa naturals tea tree essential oil,2199,245,13,No Tag,20029,Nykaa,20.0K
Wellness,"oziva bioactive gluta fizzy (l-glutathione), reduce",5949,1299,16,No Tag,325,OZiva,325
Wellness,"wellbeing nutrition beauty collagen peptides, hla",1400,1913,15,No Tag,182,Wellbeing,182
Wellness,isopure low carb whey protein isolate,4999,5004,15,No Tag,242,Isopure,242
Wellness,sol de janeiro glowmotions rio sunset,619,3760,24,No Tag,43,Sol,43
Wellness,setu skin renew l-glutathione tablets,1499,1193,20,No Tag,4097,Setu,4.1K
Wellness,"wellbeing nutrition whey protein isolate, 31g",699,4249,19,No Tag,5800,Wellbeing,5.8K
Wellness,"healthkart hk vitals biotin, supplement",469,469,0,No Tag,187,Healthkart,187
Wellness,be bodywise biotin gummies 90 day,1199,1199,0,No Tag,1114,Be,1.1K
Wellness,nutrova collagen+antioxidants zero sugar powder -,539,2575,7,No Tag,3,Nutrova,3
Wellness,healthkart hk vitals fish oil capsules,649,499,23,No Tag,2478,HealthKart,2.5K
Wellness,trunativ everyday sweet 1:1 sugar replacer,2199,500,20,No Tag,29,TruNativ,29
Wellness,healthkart hk vitals skin radiance pro,376,1959,23,No Tag,18,HealthKart,18
Wellness,yourhappylife marine collagen reglow 8000mg,580,1759,5,No Tag,86,YourHappyLife,86
Wellness,nat habit 100% pure cold pressed,999,290,37,No Tag,670,Nat,670
Wellness,max care virgin coconut oil cold,275,551,18,No Tag,1224,Max,1.2K
Wellness,pee safe toilet seat sanitizer spray,680,120,24,No Tag,11103,Pee,11.1K
Wellness,"wellbeing nutrition skin fuel glutathione, skin",699,629,14,No Tag,161,Wellbeing,161
Wellness,sol de janeiro bum bum firmeza,350,5430,15,No Tag,21,Sol,21
Wellness,joy honey & almonds nourishing body,320,224,18,No Tag,207,Joy,207
Wellness,hoop magnesium sleep body lotion topical,1300,520,19,No Tag,33,hoop,33
Wellness,what's up wellness daily burner weight,595,599,34,No Tag,19,Whats,19
Wellness,plix apple cider vinegar effervescent tablet,2989,299,11,No Tag,1773,Plix,1.8K
Wellness,keya seth aromatherapy skin defence orange,399,262,11,No Tag,2199,Keya,2.2K
Wellness,plix glutathione skin glow 30 effervescent,4000,1049,15,No Tag,928,Plix,928
Wellness,brillare pure rosemary essential oil,393,393,0,No Tag,344,Brillare,344
Wellness,muscleblaze biozyme performance whey protein -,2649,2649,0,No Tag,475,MuscleBlaze,475
Wellness,"healthkart hk vitals multivitamin women,",357,357,0,No Tag,1859,HealthKart,1.9K
Wellness,inja pro finest hydrolyzed japanese marine,3400,3400,0,No Tag,111,INJA,111
Wellness,dr. su glow x grow,1349,1139,16,No Tag,27,Dr.,27
Wellness,kama ayurveda extra virgin organic coconut,2199,1075,13,No Tag,9685,Kama,9.7K
Wellness,forest essentials after bath oil mogra,4999,1950,23,No Tag,13,Forest,13
Wellness,wellbeing nutrition beauty korean marine collagen,1600,1913,28,No Tag,206,Wellbeing,206
Wellness,"wellbeing nutrition whey protein isolate, 26g",1248,3849,20,No Tag,3,Wellbeing,3
Wellness,"oziva acv moringa to control cravings,",1199,1149,10,No Tag,620,Oziva,620
Wellness,nat habit pure almond baby oil,220,998,17,No Tag,210,Nat,210
Wellness,be bodywise magnesium glycinate gummies -,800,1079,25,No Tag,20,Be,20
Wellness,miduty berberine 98% vit b12,929,1770,14,No Tag,19,Miduty,19
Wellness,baidyanath rogan badam shirin almond oil,1499,183,11,No Tag,407,Baidyanath,407
Wellness,"oziva acv moringa to control cravings,",418,599,17,No Tag,1505,Oziva,1.5K
Wellness,oziva vegan collagen biotin &,645,799,20,No Tag,210,Oziva,210
Wellness,beautywise skin brilliance 4x liposomal glutathione,1299,5798,40,No Tag,10,Beautywise,10
Wellness,"wellbeing nutrition slow hair, skin &",4894,1334,22,No Tag,75,Wellbeing,75
Wellness,nat habit rosemary essential oil,200,347,10,No Tag,1423,Nat,1.4K
Wellness,perfectil uk's no.1 beauty supplement (20,605,516,20,No Tag,639,Perfectil,639
Wellness,"wellbeing nutrition skin fuel pro+ glutathione,",779,779,0,No Tag,23,Wellbeing,23
Wellness,glutone1000 - setria l-glutathione & vit,3817,3817,0,No Tag,748,Glutone1000,748
Wellness,biotique carrot seed anti-aging after-bath body,180,180,0,No Tag,3551,Biotique,3.6K
Wellness,nat habit pure virgin coconut baby,484,484,0,No Tag,325,Nat,325
Wellness,"oziva acv moringa to control cravings,",3200,1892,41,No Tag,1505,OZiva,1.5K
Wellness,oziva advanced hair growth activesreduces thinning,5877,3499,40,No Tag,237,Oziva,237
Wellness,oziva plant based collagen builder -,929,826,11,No Tag,267,Oziva,267
Wellness,yourhappylife marine collagen reglow 8000mg,2199,1759,20,No Tag,86,YourHappyLife,86
Wellness,baby dove rich moisture shampoo,220,169,23,No Tag,148,Baby,148
Wellness,"wellbeing nutrition skin fuel glutathione, skin",999,629,37,No Tag,161,Wellbeing,161
Wellness,good bug advanced metabolic system,1298,1200,8,No Tag,340,The,340
Wellness,gritzo supermilk height+ 10g double chocolate,399,2998,4,No Tag,774,Gritzo,774
Wellness,sanfe flix breast roll shaper &,317,383,15,No Tag,367,Sanfe,367
Wellness,krishna's herbal & ayurveda she care,3799,543,23,No Tag,252,Krishnas,252
Wellness,nat habit 100% pure cold pressed,699,269,27,No Tag,33,Nat,33
Wellness,mschief crescendo dual sensual vibrator-personal massager,1289,2925,8,No Tag,274,MsChief,274
Wellness,chicnutrix glow - glutathione & vitamin,235,510,15,No Tag,43,Chicnutrix,43
Wellness,healthkart hk vitals skin radiance veg,929,1185,11,No Tag,2557,HealthKart,2.6K
Wellness,indus valley bio organic cold pressed,1599,299,25,No Tag,386,Indus,386
Wellness,nat habit pure coconut oil,1475,200,36,No Tag,361,Nat,361
Wellness,oziva vegan collagen biotin &,449,826,20,No Tag,556,Oziva,556
Wellness,"beautywise skin resilience combination ceramides,",1199,1199,0,No Tag,34,Beautywise,34
Wellness,carbamide forte pcos supplement tablets,945,945,0,No Tag,13,Carbamide,13
Wellness,indulgeo essentials navel stick on patches,1099,1044,5,No Tag,3,Indulgeo,3
Wellness,miduty marine collagen 4x hydrolysed collagen,400,1960,10,No Tag,28,Miduty,28
Wellness,soulflower tea tree essential oil,1400,360,29,No Tag,5442,Soulflower,5.4K
Wellness,plix apple cider vinegar effervescent tablet,350,1000,15,No Tag,106,Plix,106
Wellness,plix apple cider vinegar effervescent tablet,322,299,26,No Tag,222,Plix,222
Wellness,aravi organic 100% pure tea tree,612,238,17,No Tag,1820,Aravi,1.8K
Wellness,nat habit 100% pure moroccan argan,5949,508,25,No Tag,164,Nat,164
Wellness,isopure 100% whey isolate protein -,4249,4449,15,No Tag,27,Isopure,27
Wellness,miduty krill omega complex omega 3,2900,2054,18,No Tag,23,Miduty,23
Wellness,optimum nutrition (on) gold standard 100%,1799,3597,19,No Tag,174,Optimum,174
Wellness,bio oil skin care oil -,4200,2378,38,No Tag,6545,Bio,6.5K
Wellness,trunativ advanced japanese marine type 1,495,1457,27,No Tag,6,TruNativ,6
Wellness,"oziva bioactive gluta fizzy (l-glutathione), reduce",965,2599,55,No Tag,324,OZiva,324
Wellness,brillare 100% pure cold-pressed castor oil,229,361,7,No Tag,647,Brillare,647
Wellness,be bodywise collagen builder gummies vitamins,1069,434,44,No Tag,990,Be,990
Wellness,sanfe flix fashion tape,599,213,70,No Tag,1129,Sanfe,1.1K
Wellness,myfitfuel skin beauty glutathione capsules,3379,599,17,No Tag,3147,MyFitFuel,3.1K
Wellness,purna gummies hair biotin cranberry sugar,1752,180,10,No Tag,10860,Purna,10.9K
Wellness,optimum nutrition (on) serious mass high,2799,2799,0,No Tag,280,Optimum,280
Wellness,glutone c setria glutathione & phyllanthus,1577,1577,0,No Tag,155,Glutone,155
Wellness,good bug daily prebiotic gut,769,764,1,No Tag,63,The,63
Wellness,yourhappylife pure glutathione skin booster capsules,1399,1203,14,No Tag,67,YourHappyLife,67
Wellness,neuherbs deep sea fish oil,999,699,30,No Tag,616,Neuherbs,616
Wellness,that sassy thing lit suction massager,4199,2855,32,No Tag,36,That,36
Wellness,hoop epsom body wash epsom salt,440,396,10,No Tag,3,hoop,3
Wellness,aravi organic rosemary essential oil,1500,1140,24,No Tag,160,Aravi,160
Wellness,baidyanath maha bhringraj hair oil,186,125,33,No Tag,1295,Baidyanath,1.3K
Wellness,nua cramp comfort heat patches,339,300,11,No Tag,895,Nua,895
Wellness,be bodywise glutathione gummies,675,536,21,No Tag,3,Be,3
Wellness,oziva plant based her balance,1449,1021,30,No Tag,1944,Oziva,1.9K
Wellness,isopure zero carb protein (unflavoured),5949,5000,16,No Tag,11,Isopure,11
Wellness,carbamide forte triple strength omega 3,1075,724,33,No Tag,118,Carbamide,118
Wellness,optimum nutrition (on) gold standard 100%,9299,6999,25,No Tag,162,Optimum,162
Wellness,miduty triple thyroid care hypothyroidisim zinc,1579,1333,4,No Tag,22,Miduty,22
Wellness,miduty magnesium relax chelated migraine high,1460,799,29,No Tag,53,Miduty,53
Wellness,oziva protein & herbs women,1505,1509,20,No Tag,246,OZiva,246
Wellness,carbamide forte l glutathione tablets,879,1036,40,No Tag,142,Carbamide,142
Wellness,plum bodylovin' vanilla vibes body polishing,399,1204,19,No Tag,49472,Plum,49.5K
Wellness,oziva bioactive gluta fizzy to reduce,524,524,0,No Tag,7,Oziva,7
Wellness,healthkart hk vitals advanced daily multivitamin,325,325,0,No Tag,308,HealthKart,308
Wellness,nykaa naturals lavender essential oil -,350,193,45,No Tag,44231,Nykaa,44.2K
Wellness,nutrova kerastrength capsules,350,1070,15,No Tag,32,Nutrova,32
Wellness,plix collagen builder bubbly effervescent tablets,772,299,16,No Tag,129,Plix,129
Wellness,be bodywise multivitamin gummies 60 days,9788,652,25,No Tag,173,Be,173
Wellness,glutone1000 - setria l-glutathione & vit,280,7341,17,No Tag,749,Glutone1000,749
Wellness,kapiva wild amla juice (cold pressed)suitable,665,233,35,No Tag,971,Kapiva,971
Wellness,carbamide forte vitamin d3 k2 -,599,431,25,No Tag,67,Carbamide,67
Wellness,carbamide forte chelated magnesium glycinate 2000mg,649,449,7,No Tag,68,Carbamide,68
Wellness,wellbeing nutrition oral thin strips,799,604,70,No Tag,552,Wellbeing,552
Wellness,purna gummies glutathione cola flavour gummies,899,240,25,No Tag,6739,Purna,6.7K
Wellness,carbamide forte hydrolyzed multi collagen complex,419,674,17,No Tag,239,Carbamide,239
Wellness,healthkart hk vitals iron folic,1799,349,19,No Tag,358,HealthKart,358
Wellness,trunativ advanced japanese marine type 1,200,1457,20,No Tag,4,TruNativ,4
Wellness,biotique avocado stress relief body massage,2810,160,4,No Tag,2734,Biotique,2.7K
Wellness,sebamed baby bath routine,1800,2703,25,No Tag,5148,Sebamed,5.1K
Wellness,chicnutrix mighty collagen japanese marine collagen,2600,1350,27,No Tag,81,Chicnutrix,81
Wellness,plix glutathione skin tablets l-glutathione,909,1898,12,No Tag,3,Plix,3
Wellness,healthkart hk vitals skin radiance collagen,799,799,0,No Tag,1139,HealthKart,1.1K
Wellness,miduty vitamin b12 methyl folate fast,746,746,0,No Tag,95,Miduty,95
Wellness,miduty thick grow biotin capsule,886,886,0,No Tag,16,Miduty,16
Wellness,"wellbeing nutrition slow pcos balance, myoinositol",1399,1245,11,No Tag,10,Wellbeing,10
Wellness,plix apple cider vinegar effervescent tablets,1400,1000,29,No Tag,3,Plix,3
Wellness,deve herbes pure vitamin e oil,399,347,13,No Tag,5649,Deve,5.6K
Wellness,miduty palak notes vitamin a.d.k multivitamin,829,1422,35,No Tag,41,Miduty,41
Wellness,muscleblaze super mass gainer xxl -,1599,539,25,No Tag,371,MuscleBlaze,371
Wellness,miduty liposomal nmn 85% cellular energy,553,1511,15,No Tag,30,Miduty,30
Wellness,"beautywise skin resilience combination ceramides,",920,1199,25,No Tag,556,Beautywise,556
Wellness,nat habit pure olive baby oil,1099,470,40,No Tag,349,Nat,349
Wellness,miduty liposomal vitamin c immunity booster,210,1333,30,No Tag,14,Miduty,14
Wellness,carbamide forte novosules woman+ multivitamin,125,690,7,No Tag,249,Carbamide,249
Wellness,healthkart hk vitals skin radiance collagen,1599,509,50,No Tag,113,HealthKart,113
Wellness,"wellbeing nutrition skin fuel pro+ glutathione,",2199,659,13,No Tag,19,Wellbeing,19
Wellness,khadi natural jasmine massage oil,299,147,5,No Tag,562,Khadi,562
Wellness,baidyanath rogan badam shireen almond oil,2155,116,21,No Tag,1417,Baidyanath,1.4K
Wellness,muscleblaze creatine monohydrate powder,16469,799,8,No Tag,800,MuscleBlaze,800
Wellness,wellbeing nutrition glow korean marine collagen,2547,1913,22,No Tag,108,Wellbeing,108
Wellness,kapiva apple cider vinegar (acv),284,284,0,No Tag,657,Kapiva,657
Wellness,isopure collagen peptides unflavored,1699,1699,0,No Tag,11,Isopure,11
Wellness,muscleblaze biozyme iso zero low carb,15199,15199,0,No Tag,2006,MuscleBlaze,2.0K
Wellness,sirona fda approved super soft disposable,449,301,33,No Tag,472,Sirona,472
Wellness,oziva protein & herbs women -,2078,1583,24,No Tag,1342,Oziva,1.3K
Wellness,optimum nutrition (on) serious mass high,1239,885,29,No Tag,83,Optimum,83
Wellness,"setu skin glow & youth ,",3800,2387,37,No Tag,131,Setu,131
Wellness,"oziva acv moringa to control cravings,",3200,1892,41,No Tag,618,OZiva,618
Wellness,healthkart hk vitals dht blocker,539,399,26,No Tag,529,HealthKart,529
Wellness,oziva protein & herbs shake,2979,2799,6,No Tag,289,Oziva,289
Wellness,bio oil skin care oil -,1950,1600,18,No Tag,50028,Bio,50.0K
Wellness,"wellbeing nutrition melts healthy hair, biotin,",649,604,7,No Tag,530,Wellbeing,530
Wellness,"plix deep sleep melatonin, oral",399,299,25,No Tag,190,PLIX,190
Wellness,muscleblaze fish oil 1000mg capsules,849,539,37,No Tag,274,MuscleBlaze,274
Wellness,oziva plant based biotin xtra capsules,699,543,22,No Tag,418,Oziva,418
Wellness,gubb safety scissor hair cutting-,175,149,15,No Tag,165,GUBB,165
Wellness,"oziva acv moringa to control cravings,",3200,1868,42,No Tag,2123,OZiva,2.1K
Wellness,healthkart hk vitals pure korean skin,1779,1699,4,No Tag,11,HealthKart,11
Wellness,muscleblaze biozyme performance whey protein,5609,4999,11,No Tag,325,MuscleBlaze,325
Wellness,optimum nutrition (on) micronized creatine powder,1175,829,29,No Tag,649,Optimum,649
Wellness,oziva daily women's multivitamin tablets,849,620,27,No Tag,299,Oziva,299
Wellness,chicnutrix super c - amla extract,1170,784,33,No Tag,4713,Chicnutrix,4.7K
Wellness,wellness shop plump 'n' lift,599,557,7,No Tag,12,The,12
Wellness,be bodywise vaginal health probiotic capsules,629,530,17,No Tag,5,Be,5
Wellness,"healthkart hk vitals omega 3, fish",6300,525,37,No Tag,479,HealthKart,479
Wellness,"oziva bioactive gluta fizzy (l-glutathione), reduce",1999,3999,20,No Tag,378,OZiva,378
Wellness,yourhappylife collagen naked powder - unflavoured,750,1599,10,No Tag,22,YourHappyLife,22
Wellness,kerala ayurveda nalpamaradi keram face &,795,180,33,No Tag,215,Kerala,215
Wellness,ras luxury oils pure cold -,399,675,5,No Tag,156,RAS,156
Wellness,brillare 100% pure cold pressed almond,2299,533,21,No Tag,7,Brillare,7
Wellness,bare anatomy 100% pure & natural,499,379,70,No Tag,120,Bare,120
Wellness,oziva advanced metabolic gut-fit gut,1156,1805,15,No Tag,20,Oziva,20
Wellness,purna gummies vitamin c orange gummies,350,150,20,No Tag,6926,Purna,6.9K
Wellness,glutone-hydra setria glutathione & ceramosides tablets,1600,982,31,No Tag,25,Glutone-Hydra,25
Wellness,puresense macadamia deep moisturising body oil,599,280,70,No Tag,481,PureSense,481
Wellness,plix acv apple cider vinegar l-carnitine,2499,1099,40,No Tag,156,Plix,156
Wellness,purna gummies apple cider vinegar,625,180,13,No Tag,5664,Purna,5.7K
Wellness,gorgio professional premium multipurpose face,800,1499,31,No Tag,163,Gorgio,163
Wellness,deve herbes pure kumkumadi infused oil,799,544,22,No Tag,762,Deve,762
Wellness,"oziva acv moringa to control cravings,",375,549,34,No Tag,618,Oziva,618
Wellness,what's up wellness natural biotin gummies,1499,622,11,No Tag,2613,Whats,2.6K
Wellness,plix tender coconut water premix powder,249,249,0,No Tag,241,PLIX,241
Wellness,wellbeing nutrition slow burn garcinia,1334,1334,0,No Tag,22,Wellbeing,22
Wellness,myfitfuel hydrolyzed marine collagen - orange,1429,779,46,No Tag,3226,MyFitFuel,3.2K
Wellness,oziva plant based vitamin d3+k2+b12,879,744,15,No Tag,1,Oziva,1
Wellness,oziva plant based omega 369 capsules,449,408,9,No Tag,206,Oziva,206
Wellness,inja beauty collagen skin- hair,1250,1063,15,No Tag,207,INJA,207
Wellness,optimum nutrition gold standard 100% whey,4948,3466,30,No Tag,938,Optimum,938
Wellness,"swisse glutathione+ capsules astaxanthin, vitamin",1399,1231,12,No Tag,29,Swisse,29
Wellness,mypro sport nutrition high protein women,1199,599,50,No Tag,532,MYPRO,532
Wellness,swisse 4x fish oil supplement,2699,2375,12,No Tag,26,Swisse,26
Wellness,carbamide forte natural vitamin c 1000mg,450,295,34,No Tag,122,Carbamide,122
Wellness,wellbeing nutrition slow ultra strength magnesium+,1999,1719,14,No Tag,2,Wellbeing,2
Wellness,cureveda glow plant based collagen builder,1395,1214,13,No Tag,11,Cureveda,11
Wellness,setu skin youthful marine collagen powder,2400,1755,27,No Tag,790,Setu,790
Wellness,milagro beauty belly oil,1490,1043,30,No Tag,33,Milagro,33
Wellness,palmer's cocoa butter bust cream helps,700,630,10,No Tag,277,Palmers,277
Wellness,brillare 100% organic pure cold-pressed coconut,595,488,18,No Tag,221,Brillare,221
Wellness,nat habit 100% pure cold pressed,447,371,17,No Tag,183,Nat,183
Wellness,khadi natural rosemary essential oil,399,279,30,No Tag,2351,Khadi,2.4K
Wellness,palmer's cocoa butter skin therapy oil,650,585,10,No Tag,92,Palmers,92
Wellness,healthkart hk vitals skin radiance collagen,1818,1549,15,No Tag,11,HealthKart,11
Wellness,setu skin renew l-glutathione tablets,1400,1138,19,No Tag,159,Setu,159
Wellness,healthkart hk vitals vitamin d3 (2000,529,319,40,No Tag,327,HealthKart,327
Wellness,keya seth aromatherapy soft & smooth,450,369,18,No Tag,14,Keya,14
Wellness,oziva advanced hair serum plus hair,2148,1499,30,No Tag,2692,OZiva,2.7K
Wellness,carbamide forte chelated magnesium glycinate 2408mg,999,740,26,No Tag,25,Carbamide,25
Wellness,healthkart hk vitals skin radiance collagen,1309,1185,9,No Tag,129,HealthKart,129
Wellness,kapiva get slim juice healthy weight,1400,549,29,No Tag,588,Kapiva,588
Wellness,plix apple cider vinegar effervescent tablets,1600,1000,18,No Tag,64,Plix,64
Wellness,bio oil skin care oil -,999,1313,20,No Tag,50003,Bio,50.0K
Wellness,healthkart hk vitals marine collagen peptides,650,799,14,No Tag,12,HealthKart,12
Wellness,"fast&up l-carnitine tartrate 1000mg, carnipure tablets",1800,559,15,No Tag,21,Fast&Up,21
Wellness,indulgeo essentials hermosa body oil,600,1530,33,No Tag,48,Indulgeo,48
Wellness,luciara stretchmark prevention cream,259,402,18,No Tag,111,Luciara,111
Wellness,keya seth aromatherapy soft & smooth,799,212,25,No Tag,727,Keya,727
Wellness,carbamide forte biotin from sesbania grandiflora,1279,599,38,No Tag,152,Carbamide,152
Wellness,myfitfuel hydrolyzed bovine collagen+ hyaluronic acid,1980,799,42,No Tag,3061,MyFitFuel,3.1K
Wellness,chicnutrix glow - japanese glutathione &,1300,1148,19,No Tag,18,Chicnutrix,18
Wellness,plix glutathione skin tablets l-glutathione,849,1049,20,No Tag,2,Plix,2
Wellness,sirona oxo-degradable sanitary disposal bags,499,679,20,No Tag,622,Sirona,622
Wellness,wipness natural knee patches knee,399,399,0,No Tag,30,Wipness,30
Wellness,"healthkart hk vitals calcium, magnesium,",319,269,16,No Tag,486,HealthKart,486
Wellness,juicy chemistry 100% organic rosehip seed,950,760,20,No Tag,500,Juicy,500
Wellness,kapiva dia food juice clinically proven,599,599,70,No Tag,41,Kapiva,41
Wellness,purna gummies superfruits collagen mixed fruit,909,180,12,No Tag,4728,Purna,4.7K
Wellness,healthkart hk vitals skin radiance collagen,669,799,3,No Tag,50,HealthKart,50
Wellness,healthkart hk vitals magnesium glycinate,1799,649,21,No Tag,2,HealthKart,2
Wellness,"muscleblaze liquid l-carnitine pro, triple strength",3258,1429,23,No Tag,13,MuscleBlaze,13
Wellness,oziva advanced hair growth actives capsules,499,2499,35,No Tag,922,Oziva,922
Wellness,khadi natural sweet almond hair &,360,324,1,No Tag,667,Khadi,667
Wellness,sheneed sleepneed melatonin tablets -,2299,356,25,No Tag,187,Sheneed,187
Wellness,beautywise advanced marine collagen anti-aging powder-,308,1724,1,No Tag,393,Beautywise,393
Wellness,sheneed crampnil pain relief cream,749,305,9,No Tag,3302,Sheneed,3.3K
Wellness,"oziva plant based vitamin e( sunflower,",800,678,5,No Tag,397,OZiva,397
Wellness,pee safe toilet seat sanitizer spray,995,120,3,No Tag,14,Pee,14
Wellness,soulflower moroccan argan coldpressed oil hair,1400,760,29,No Tag,110,Soulflower,110
Wellness,cureveda weight-gut plant based powder -,842,965,11,No Tag,15,Cureveda,15
Wellness,plix apple cider vinegar effervescent tablets,784,1000,29,No Tag,20,Plix,20
Wellness,"wellbeing nutrition melts hairfall control, biotin,",649,571,12,No Tag,126,Wellbeing,126
Wellness,plix collagen builder bubbly effervescent tablets,1400,1099,22,No Tag,35,Plix,35
Wellness,bloom boldcare pcos balancing myo-inositol,649,559,14,No Tag,21,Bloom,21
Wellness,matra double-sided fashion tape invisible dressing,49,44,10,No Tag,160,Matra,160
Wellness,muscleblaze omega 3 fish oil gold,1209,779,36,No Tag,76,MuscleBlaze,76
Wellness,miduty multivitamin one per day multimineral,669,746,9,No Tag,55,Miduty,55
Wellness,healthkart hk vitals multivitamin+ men,479,609,17,No Tag,35,HealthKart,35
Wellness,neuherbs vitamin e plus from sunflower,2800,399,30,No Tag,303,Neuherbs,303
Wellness,setu skin renew glutathione & vitamin,499,1948,35,No Tag,92,Setu,92
Wellness,khadi natural sandalwood essential oil to,649,324,7,No Tag,467,Khadi,467
Wellness,miduty palak notes fit n lean,229,1689,8,No Tag,20,Miduty,20
Wellness,"wellbeing nutrition melts vitamin b12, folate,",1428,604,39,No Tag,112,Wellbeing,112
Wellness,sanfe flix cotton nipple covers,945,211,10,No Tag,612,Sanfe,612
Wellness,mederma stretch marks therapy,599,1045,25,No Tag,427,Mederma,427
Wellness,oziva plant based collagen builder -,589,873,17,No Tag,775,Oziva,775
Wellness,kerala ayurveda kumkumadi oil,1500,1500,0,No Tag,176,Kerala,176
Wellness,cureveda skin-gut plant based powder,851,851,0,No Tag,16,Cureveda,16
Wellness,"healthkart hk vitals fat burner, supports",449,449,0,No Tag,77,HealthKart,77
Wellness,nat habit extra virgin cold pressed,489,489,0,No Tag,232,Nat,232
Wellness,kama ayurveda organic cold pressed oil,1525,1525,0,No Tag,1615,Kama,1.6K
Wellness,what's up wellness glutathione gummies,1799,1293,28,No Tag,93,Whats,93
Wellness,"moroccanoil dry body oil|argan, olive &",1579,7020,3,No Tag,1,Moroccanoil,1
Wellness,"oziva protein & herbs women, protein",3036,1529,28,No Tag,101,OZiva,101
Wellness,healthkart hk vitals glutathione effervescent tablets,1780,2199,18,No Tag,6,HealthKart,6
Wellness,auric liver detox effervescent 10,205,1460,22,No Tag,33,Auric,33
Wellness,bonayu acne pimple patch men,1499,159,20,No Tag,151,Bonayu,151
Wellness,power gummies jaw dropping skin heart-shaped,349,1199,30,No Tag,876,Power,876
Wellness,sirona glycerine free & water based,1049,244,38,No Tag,436,Sirona,436
Wellness,"wellbeing nutrition marine collagen, hla &",1156,650,25,No Tag,2,Wellbeing,2
Wellness,"perfectil skin, hair & nails tablets",219,867,32,No Tag,3,Perfectil,3
Wellness,kama ayurveda ashwaras reviving body massage,879,3395,15,No Tag,155,Kama,155
Wellness,baidyanath bhringraj asav improve hair growth,1535,149,40,No Tag,29,Baidyanath,29
Wellness,oziva plant based iron folic,1499,747,53,No Tag,50,Oziva,50
Wellness,carbamide forte omefish gold triple strength,199,920,25,No Tag,415,Carbamide,415
Wellness,healthyhey nutrition high absorption magnesium glycinate,500,711,10,No Tag,66,HealthyHey,66
Wellness,"sirona premium disposable maternity breast pads,",650,149,7,No Tag,115367,Sirona,115.4K
Wellness,"palmer's cocoa butter nursing butter,",299,450,21,No Tag,279,Palmers,279
Wellness,max care virgin coconut oil -,800,605,25,No Tag,77,Max,77
